28504,I,H.26[45] User Data Unregistered SEI message
7365,B
8385,B
6250,B
19833,P
7842,B
13889,B
7984,B
18838,P
7744,B
12259,B
6286,B
22252,P
7317,B
11768,B
7605,B
23516,P
7378,B
13270,B
7704,B
21943,P
8221,B
14030,B
8241,B
21434,P
5115,B
10866,B
5409,B
15768,P
5115,B
11912,B
6448,B
27390,P
14960,B
21886,B
14441,B
29285,P
15661,B
23906,B
15714,B
32038,P
15307,B
23491,B
15922,B
31659,P
15659,B
22885,B
15370,B
31506,P
15764,B
21569,B
14947,B
34393,P
16235,B
30319,P
27356,P
31465,P
29298,P
27655,P
26946,P
27962,P
32989,P
26190,P
30585,P
26062,P
28766,P
24512,P
27033,P
23783,P
26826,P
22938,P
26777,P
24578,P
25296,P
23899,P
27706,P
24959,P
27954,P
24878,P
27652,P
24052,P
27057,P
23479,P
27293,P
23372,P
25221,P
22582,P
23326,P
19509,P
85545,I
12193,B
16367,B
10377,B
30255,P
8925,B
13606,B
8491,B
26737,P
8520,B
12947,B
7775,B
24843,P
7984,B
12196,B
8057,B
24328,P
7193,B
11450,B
7035,B
23752,P
6293,B
10336,B
5812,B
22772,P
5448,B
9272,B
5386,B
20696,P
5073,B
8301,B
4968,B
19124,P
4831,B
7931,B
5519,B
19478,P
5198,B
8102,B
5824,B
19482,P
6455,B
8614,B
5947,B
19711,P
6434,B
8636,B
6253,B
19877,P
6034,B
9253,B
6477,B
19932,P
6076,B
9892,B
4564,B
20650,P
6132,B
9078,B
5408,B
20875,P
5589,B
9183,B
5233,B
25581,P
7803,B
11616,B
7062,B
27981,P
8515,B
23416,P
21902,P
21655,P
23094,P
21179,P
22842,P
22447,P
24731,P
21056,P
25001,P
20861,P
24683,P
22332,P
25382,P
23387,P
25056,P
23429,P
25660,P
24774,P
73468,I
14778,B
20373,B
14581,B
38063,P
13549,B
17995,B
12983,B
34727,P
12698,B
17748,B
13182,B
34509,P
12912,B
18215,B
13142,B
37570,P
11544,B
15947,B
11700,B
35773,P
11421,B
15766,B
10628,B
36091,P
12258,B
15892,B
10272,B
34507,P
12339,B
16038,B
10207,B
36841,P
9526,B
17052,B
9808,B
37573,P
10818,B
17604,B
10530,B
38615,P
10274,B
17899,B
10099,B
36930,P
10819,B
16266,B
10889,B
35824,P
9933,B
16845,B
12169,B
35172,P
10847,B
17496,B
12427,B
34906,P
12858,B
12622,B
32215,P
81046,I
5776,B
12594,B
5280,B
37024,P
5562,B
12686,B
5528,B
36100,P
5572,B
12224,B
5089,B
35901,P
6014,B
12182,B
5770,B
35990,P
6720,B
13666,B
6860,B
34970,P
6831,B
12810,B
7074,B
35414,P
7355,B
12570,B
6747,B
34530,P
9807,B
13388,B
8548,B
29613,P
8748,B
13807,B
7966,B
25887,P
7468,B
13154,B
7475,B
26169,P
10244,B
16112,B
10429,B
28246,P
10335,B
14636,B
9994,B
27987,P
24550,P
25245,P
51304,I
13364,B
18942,B
12857,B
27446,P
23689,B
19229,B
25994,P
14244,B
20783,B
13807,B
27183,P
14674,B
19509,B
12112,B
26213,P
12621,B
18084,B
9947,B
26883,P
9770,B
15722,B
13353,B
25457,P
10511,B
17026,B
13825,B
26583,P
14056,B
17915,B
14244,B
26134,P
14519,B
18945,B
11835,B
25259,P
12737,B
19074,B
12202,B
25475,P
12082,B
17895,B
11390,B
26556,P
9711,B
15214,B
9578,B
27101,P
8503,B
13337,B
8062,B
23463,P
7072,B
12150,B
7000,B
22299,P
16332,P
17616,P
17559,P
16695,P
19115,P
17475,P
17872,P
16892,P
17415,P
18481,P
18301,P
20349,P
19504,P
21673,P
18148,P
18973,P
19701,P
19314,P
18843,P
20136,P
21297,P
21603,P
20037,P
22477,P
21225,P
23478,P
21209,P
24460,P
22352,P
24376,P
24078,P
24807,P
23475,P
79717,I
13105,B
22841,B
14123,B
33062,P
13597,B
23500,B
17044,B
29064,P
19371,B
17079,B
25848,P
19230,B
13970,B
24633,P
16959,B
14306,B
23773,P
15531,B
12836,B
22620,P
12392,B
15518,B
12339,B
24350,P
11699,B
13388,B
21916,P
8685,B
14239,B
9831,B
22491,P
10702,B
16815,B
10706,B
20942,P
10054,B
16715,B
8376,B
18922,P
9197,B
13732,B
8101,B
17536,P
8548,B
12961,B
9293,B
18091,P
16120,P
10363,B
13592,B
11087,B
20008,P
12859,B
11352,B
19508,P
11236,B
12727,B
12597,B
22807,P
11388,B
9133,B
20575,P
16941,P
17285,P
16951,P
16697,P
16727,P
16460,P
16566,P
16413,P
17666,P
17318,P
17836,P
18391,P
19772,P
17975,P
18928,P
19231,P
19442,P
20105,P
19983,P
20834,P
22474,P
21072,P
21883,P
21791,P
21441,P
17785,P
71946,I
14333,B
13398,B
24119,P
11328,B
14644,B
11652,B
21218,P
9921,B
11228,B
8517,B
17573,P
8747,B
10664,B
8869,B
18800,P
9711,B
12032,B
9141,B
19612,P
9878,B
14363,B
10231,B
21990,P
18143,P
20712,P
21236,P
14586,B
21688,B
14820,B
26672,P
14671,B
21124,B
14902,B
25590,P
14682,B
21728,P
13641,B
18157,B
13518,B
21124,P
13481,B
15259,B
14107,B
24121,P
13200,B
16691,B
11661,B
21349,P
12842,B
12559,B
24691,P
13763,B
14916,B
12129,B
24111,P
12919,B
12403,B
18206,P
19135,P
19296,P
18346,P
18446,P
19143,P
16822,P
15793,P
21766,P
19132,P
17838,P
18874,P
17691,P
18952,P
17562,P
50731,I
22754,P
21683,P
12376,B
15706,B
12590,B
26288,P
12260,B
10903,B
23418,P
9520,B
21911,P
17378,P
17496,P
9138,B
22299,P
19511,P
21384,P
19615,P
11236,B
14414,B
9581,B
25200,P
9632,B
15443,B
11739,B
24103,P
12139,B
14707,B
10437,B
24460,P
24134,P
10673,B
15923,B
9420,B
25090,P
8803,B
14516,B
9512,B
21985,P
9259,B
13586,B
8774,B
22359,P
8914,B
14109,B
8513,B
21852,P
8948,B
13400,B
7953,B
22557,P
9994,B
13730,B
11303,B
24522,P
8923,B
14157,B
9315,B
23032,P
64888,I
11222,B
16309,B
10113,B
24075,P
8688,B
13141,B
9284,B
21644,P
7982,B
11910,B
7764,B
20062,P
8663,B
12609,B
8732,B
23507,P
10951,B
15142,B
9945,B
22944,P
9616,B
14333,B
6865,B
26744,P
7915,B
13907,B
7438,B
24356,P
8116,B
12897,B
8164,B
23584,P
7213,B
12650,B
6136,B
24312,P
9089,B
14976,B
8460,B
24740,P
8581,B
14953,B
8188,B
24745,P
8144,B
13401,B
7072,B
24295,P
7712,B
12868,B
9548,B
23053,P
7798,B
12338,B
9074,B
22917,P
8242,B
12254,B
7692,B
23148,P
9526,B
21619,P
20007,P
22384,P
20327,P
21192,P
21258,P
22241,P
21795,P
21493,P
20618,P
21573,P
20617,P
22063,P
20857,P
21761,P
21172,P
21628,P
20682,P
20122,P
21867,P
23139,P
24184,P
19982,P
23471,P
21842,P
21704,P
21485,P
96462,I
9764,B
20117,B
10041,B
31282,P
13786,B
21586,B
11516,B
30562,P
10855,B
22359,B
10787,B
31466,P
11369,B
17837,B
11935,B
31973,P
13110,B
21893,B
11743,B
30653,P
13028,B
20775,B
14748,B
28367,P
12391,B
19930,B
13473,B
27684,P
12920,B
19446,B
13016,B
27607,P
13311,B
19324,B
15037,B
28125,P
12493,B
19345,B
14516,B
28394,P
13495,B
19954,B
14715,B
26735,P
12469,B
17956,B
13208,B
26650,P
15467,B
25090,P
20114,P
21124,P
72985,I
9420,B
19118,B
9546,B
32571,P
11577,B
20191,B
10092,B
32447,P
12315,B
21116,B
11996,B
34502,P
11672,B
19995,B
11297,B
35251,P
12625,B
20397,B
13768,B
33052,P
15235,B
21772,B
15287,B
25735,P
14505,B
18297,B
13435,B
25136,P
11290,B
16932,B
11267,B
25375,P
12805,B
18122,B
11687,B
26195,P
16344,B
15778,B
26032,P
11322,B
15905,B
10245,B
24708,P
14082,B
23150,P
20612,P
19474,P
19649,P
20259,P
21481,P
18683,P
21939,P
21251,P
21169,P
21706,P
22213,P
19400,P
23320,P
20844,P
21196,P
23627,P
22180,P
22619,P
22595,P
22823,P
20025,P
21902,P
21801,P
19347,P
19943,P
20741,P
