time_s,bandwidth_Mbps
0.000,1.825418
1.010,2.649998
2.015,0.975761
3.020,1.760016
4.031,1.382814
5.151,2.718515
6.153,2.191294
7.161,2.549642
8.162,2.354286
9.163,3.192071
10.171,2.430261
11.266,2.440304
12.267,1.617110
13.276,2.332579
14.277,1.850783
15.286,1.311113
16.296,1.323770
17.306,1.351604
18.316,1.287469
19.446,1.570812
20.470,1.492660
21.476,1.353885
22.486,1.159873
23.496,1.434408
24.526,0.526046
25.656,1.614511
26.666,1.058776
27.686,1.051482
28.706,0.877442
29.716,2.022617
30.717,1.272381
31.726,1.793375
32.727,2.134857
33.728,1.603294
34.736,1.902354
35.737,1.391239
36.746,1.723137
37.766,1.820044
38.767,1.924178
39.776,1.399152
40.786,1.418931
41.796,1.953962
42.807,1.763604
43.877,2.415201
44.878,1.549325
45.886,2.084242
46.895,2.196268
47.896,2.537633
49.096,2.705162
50.136,2.995660
51.137,2.275473
52.146,2.274989
53.147,1.764781
54.156,2.055417
55.157,1.547592
56.166,1.875888
57.168,1.550553
58.169,1.427453
59.258,1.443165
60.259,0.975525
61.758,0.070888
63.607,4.211802
64.617,1.533568
65.627,1.450867
66.637,2.008119
67.647,1.662995
68.817,1.667935
69.917,1.902354
70.918,1.582113
71.927,1.543608
72.928,1.459200
73.948,1.321036
74.967,1.504782
75.980,1.575325
76.987,1.935153
77.988,1.285717
79.106,1.659497
80.115,1.122651
81.165,1.902354
82.166,1.755528
83.175,2.017427
84.184,1.472184
85.185,1.863731
86.195,1.644448
87.204,1.946086
88.205,1.596349
89.215,2.037101
90.225,1.674907
91.235,1.553023
92.236,2.006581
93.245,1.571824
94.247,2.253814
95.257,1.668699
96.258,1.664381
97.267,2.164985
98.278,1.924202
99.287,2.208480
100.288,1.642347
101.297,1.597682
102.298,1.769158
103.307,2.221307
104.317,1.793822
105.318,1.766969
106.327,1.810352
107.337,2.067615
108.417,2.138857
109.425,1.707908
110.426,2.136737
111.435,1.982050
112.436,1.921069
113.476,2.472975
114.485,2.127137
115.486,2.014050
116.487,2.012765
117.496,2.180123
118.505,2.027789
119.508,1.485954
120.517,0.713424
121.528,1.020294
122.547,1.331466
123.558,1.486672
124.630,1.355700
125.631,1.535621
126.643,1.315019
127.650,0.868539
128.651,1.829721
129.771,2.171683
130.794,1.506153
131.801,2.247759
132.830,2.055417
133.831,1.287529
134.851,1.628715
135.852,2.394342
136.853,1.475833
137.861,1.831224
138.871,1.233882
139.891,0.858638
140.901,1.208991
141.942,1.376063
142.960,0.715901
143.971,1.620581
145.059,1.378797
146.209,1.685616
147.219,2.235010
148.229,1.887715
149.239,1.374315
150.369,1.756515
151.409,2.186613
152.410,2.007453
153.420,1.646418
154.421,1.997714
155.429,1.548299
156.499,1.950416
157.509,2.062229
158.512,1.686514
159.519,2.063773
160.716,2.525538
161.717,1.936551
162.718,0.817830
164.117,1.203948
165.126,1.105236
166.136,0.660503
167.392,0.274849
168.706,0.798100
172.117,0.953537
173.127,0.958800
174.187,2.015430
175.197,1.059984
176.217,0.680676
177.246,0.406105
178.297,0.426086
179.317,0.595960
180.327,0.493553
181.347,0.433426
182.357,0.191254
183.387,0.193414
184.417,0.111836
185.589,2.197254
186.626,1.903992
187.627,1.775161
188.628,1.039333
189.636,1.385974
190.637,1.106527
191.647,1.211370
192.656,0.993361
193.896,1.096122
194.947,1.172956
195.964,0.731784
196.966,0.653182
197.968,0.777213
199.010,1.758857
200.018,1.984711
201.019,1.924412
202.020,1.637664
203.037,2.020713
204.198,2.242166
205.199,1.848563
206.378,2.307946
207.497,2.265917
208.507,2.984727
209.508,2.701570
210.509,2.668393
211.527,2.197546
212.528,2.132510
213.539,1.903063
214.547,2.394677
215.557,1.572541
216.577,2.261333
217.603,1.815697
218.607,1.657853
219.617,1.753735
220.627,1.721654
221.628,2.197546
222.629,1.859269
223.630,1.628860
224.639,1.856188
225.659,1.235366
226.669,1.300277
227.679,1.126106
228.680,0.644823
229.740,0.504282
230.760,1.256935
231.770,0.854780
232.780,0.751796
233.799,0.609030
234.801,0.419269
235.819,0.926420
237.009,1.834871
238.012,1.584699
239.019,0.783247
240.039,1.009287
241.040,0.771379
242.309,0.896511
243.310,1.180235
244.330,0.677443
245.350,0.045291
248.244,1.231198
249.272,0.280083
250.327,0.186899
251.381,0.000371
310.319,0.486870
311.353,0.255529
312.372,0.097889
313.490,0.807054
314.725,0.946793
316.031,0.943993
317.131,0.953164
318.141,1.009760
319.332,1.109653
320.341,0.784047
321.361,0.839083
322.391,0.643765
323.411,0.603365
324.412,1.404004
325.421,1.470553
326.422,1.857752
327.431,1.176021
328.571,1.653861
329.622,2.400488
330.623,2.101828
331.632,2.094842
332.641,1.715892
333.642,1.819798
334.689,2.150698
335.752,2.700263
336.754,2.356246
337.762,2.811402
338.778,2.177914
339.781,1.156347
340.841,0.156120
343.645,0.292026
344.712,1.558519
345.722,1.955676
346.723,2.166595
347.742,2.543577
348.953,2.211941
350.303,2.935145
351.304,2.927113
352.314,2.988281
353.323,3.133972
354.325,2.590048
355.333,2.467313
356.335,2.132751
357.453,2.135586
358.574,1.999417
359.575,1.964103
360.583,1.780491
361.593,1.930350
362.713,2.394342
363.714,1.903414
364.724,2.201688
365.743,1.538083
366.753,1.632471
367.772,1.319336
368.784,1.626957
369.793,0.845853
370.803,1.029386
371.813,1.006718
372.824,1.264523
373.834,1.662380
374.861,0.404285
375.901,0.222401
377.082,1.212424
378.102,0.737554
379.111,1.219389
380.112,0.900250
381.121,1.005842
382.122,1.486354
383.123,1.453193
384.132,0.528696
385.167,0.531262
386.197,0.439906
387.217,0.064376
388.237,0.488991
389.238,1.249579
390.449,1.917909
391.459,1.466115
392.469,1.885988
393.479,1.652618
394.489,1.579718
395.681,1.847310
396.690,1.881970
397.701,1.424254
398.710,1.728192
399.711,1.645499
400.728,1.181085
401.738,1.205621
402.750,1.184401
403.768,1.532859
404.769,0.811748
405.770,0.578049
406.789,0.658765
407.819,0.581376
408.825,0.572024
409.839,0.773928
410.843,0.648323
411.884,1.235437
412.885,1.486190
413.893,1.263945
414.904,1.553827
415.924,1.272690
416.932,0.859996
418.071,1.114967
419.082,0.827002
420.092,1.380963
421.093,1.427222
422.101,1.511365
423.122,1.481158
424.131,1.271264
425.142,1.314454
426.143,1.506154
427.153,0.983397
428.162,1.330447
429.182,1.354455
430.192,0.744851
431.198,1.441141
432.208,1.545171
433.219,1.104722
434.228,0.942371
435.318,1.344701
436.368,1.199631
437.408,0.408792
438.428,0.178892
439.468,0.134557
440.688,0.052615
441.728,0.009859
443.948,0.017154
447.138,0.046999
450.398,0.119389
451.498,0.067437
452.634,0.171000
453.658,0.109780
454.948,0.349858
455.949,0.461653
456.958,0.443917
458.208,0.672583
459.209,0.764966
460.219,0.716824
461.229,0.772274
462.238,1.114118
463.239,1.283524
464.240,1.300064
465.242,1.156246
466.380,1.905287
467.381,1.563603
468.389,1.521871
469.509,1.869537
470.519,1.963285
471.520,1.738772
472.530,1.673343
473.531,2.272407
474.552,1.549782
475.562,1.494183
476.751,1.223153
477.771,1.260406
478.775,1.199295
479.841,1.814889
480.842,0.672444
481.851,0.234009
483.862,1.808909
484.883,1.561974
485.892,1.357032
487.062,1.480040
488.472,1.946614
489.482,1.902725
490.492,1.893864
491.503,1.769981
492.561,1.626022
493.641,1.518354
494.652,1.497765
495.672,1.847688
496.673,1.534089
497.682,1.672759
498.683,1.052665
499.712,2.058772
500.722,1.444903
501.732,1.814889
502.733,1.528584
503.802,2.102115
504.812,1.226669
505.822,1.842059
506.832,1.319335
507.842,1.705558
508.843,1.171933
509.852,1.679525
510.862,1.340673
511.872,1.304807
512.873,1.333834
513.874,0.995662
514.892,1.069115
515.893,1.183398
517.062,1.275513
518.212,1.760088
519.215,1.709187
520.233,1.417937
521.373,1.581203
522.374,1.861742
523.483,1.847688
524.484,1.555219
525.493,1.542660
526.502,1.404555
527.503,1.695717
528.662,1.634820
529.723,1.559651
530.822,1.419007
531.833,1.354986
532.835,1.611385
533.953,1.963482
534.973,1.353039
535.974,1.207087
536.982,1.727425
537.983,1.429187
538.984,1.791992
539.993,1.782090
540.994,0.778759
542.003,0.531566
543.053,0.574858
544.062,0.822694
545.073,0.637515
546.103,0.152024
547.422,0.044800
549.132,1.844469
550.172,1.415279
551.182,1.948563
552.183,1.341419
553.212,1.708428
554.222,1.359628
555.232,1.204562
556.235,1.602635
557.252,2.314478
558.253,2.489822
559.263,2.053082
560.272,2.249156
561.282,3.131533
562.285,2.665568
563.295,2.572444
564.305,1.729855
565.314,2.776999
566.315,2.379692
567.316,2.596787
568.317,2.946986
569.319,2.700747
570.320,2.739577
571.322,3.420188
572.323,2.228349
573.333,3.013391
574.354,2.201405
575.362,2.297156
576.372,1.408837
577.376,1.755374
578.386,1.576840
579.396,2.175680
580.397,0.951105
581.416,1.962072
582.420,1.925946
583.421,2.591137
584.422,2.317113
585.511,3.441047
586.512,3.267164
587.521,3.708220
588.522,3.211786
589.530,3.057974
590.531,3.958930
591.540,2.606226
592.541,2.469371
593.542,2.049340
594.551,2.145277
595.553,2.131611
596.561,2.055568
597.562,2.319126
598.770,2.733267
599.771,1.220646
600.780,1.028368
601.791,0.769331
602.801,0.606227
603.830,0.355613
605.061,0.645281
606.082,0.236511
607.100,0.283410
608.104,0.581004
609.140,0.429535
610.821,1.076486
611.841,1.265707
612.844,1.082550
613.851,1.430305
614.861,0.936959
615.862,1.021049
616.911,0.877687
617.921,0.765017
618.951,0.108223
620.061,0.246776
621.081,0.114198
622.806,1.739513
623.849,1.731441
624.851,1.300372
625.861,1.767264
626.872,1.382168
627.881,1.437059
628.931,1.996484
629.939,2.000503
630.940,1.816376
631.941,1.743160
632.951,1.834585
633.969,1.766751
634.975,1.592722
635.984,1.763261
636.985,1.681817
638.055,1.803956
639.056,0.877754
640.064,0.375529
641.084,0.379248
642.094,0.117768
643.395,0.012944
645.086,1.224421
646.094,1.115600
647.134,1.072941
648.154,0.778070
649.155,0.945115
650.174,0.735293
651.294,0.587451
652.300,0.500919
653.305,0.607397
654.314,0.697306
655.325,0.590386
656.326,0.391310
657.334,0.354040
658.385,0.235816
659.406,0.305757
660.444,0.343530
661.465,0.530947
662.475,0.306234
663.485,0.368793
664.575,0.402657
665.635,0.185842
666.695,0.127184
667.705,0.005448
683.775,0.358881
684.855,0.569174
685.945,0.568659
686.965,0.826667
687.985,0.601126
688.994,0.812052
689.995,1.033877
691.005,1.089055
692.105,1.644284
693.106,1.334711
694.124,1.390202
695.343,1.103945
696.353,0.953537
697.363,0.375324
698.463,1.396875
699.464,0.834005
700.613,0.673477
701.653,0.097424
702.664,0.054930
703.733,0.325069
704.743,0.396521
705.994,0.562670
707.453,0.934375
708.472,0.268491
709.482,0.813419
710.483,0.715362
711.492,1.005881
712.504,0.829574
713.533,0.486270
714.546,1.023674
715.552,1.072815
716.553,1.320285
717.563,1.198279
718.572,1.375768
719.642,1.980198
720.652,2.656735
721.653,2.190117
722.664,2.054299
723.713,1.336186
724.745,1.734897
725.746,1.921239
726.753,1.986350
727.754,1.933069
728.764,1.903512
729.765,1.845747
730.933,2.741418
731.943,2.305247
732.944,1.976489
733.992,2.613003
734.993,1.879252
735.999,2.280000
737.007,1.908824
738.017,1.952456
739.018,2.350609
740.019,1.724114
741.038,2.059624
742.049,2.232831
743.118,2.099149
744.119,1.968472
745.120,2.273253
746.129,2.111309
747.240,1.930656
748.249,1.493925
749.259,1.822255
750.304,1.132167
751.308,0.546664
752.329,0.184969
753.394,0.446028
754.400,0.477714
755.408,0.304677
756.436,0.257506
757.456,0.231731
758.495,0.335573
759.506,0.665166
760.535,0.652724
761.541,0.349582
763.030,0.750323
764.051,0.605980
765.061,0.942701
766.071,0.779568
767.080,0.918378
768.081,0.467200
769.101,0.086685
771.121,1.475070
772.171,1.180422
773.251,1.978930
774.283,1.464952
775.409,1.859077
776.410,1.838168
777.419,1.282701
778.429,1.670527
779.439,1.711217
780.440,1.639017
781.449,1.724250
782.618,1.920922
783.798,1.849609
784.897,1.636662
785.918,1.793201
786.997,1.909706
787.998,1.830927
789.198,2.186613
790.199,1.658577
791.208,1.295289
792.209,1.537385
793.347,1.957019
794.348,1.547956
795.349,1.580611
796.357,1.902354
797.358,1.536588
798.365,1.410561
799.374,1.661826
800.375,1.594780
801.385,1.811346
802.394,1.310868
803.405,1.366644
804.414,1.105066
805.585,1.712032
806.595,1.929403
807.616,1.279374
808.625,1.831224
809.635,1.552612
810.655,1.917909
811.665,1.520493
812.865,1.701196
813.875,1.782090
814.876,1.568989
815.895,2.080444
816.905,1.472562
817.915,1.847688
818.916,1.424206
819.925,1.647018
820.935,1.240657
821.945,1.256935
822.955,1.027349
823.963,1.408634
824.973,0.914869
825.974,1.050644
827.163,1.018550
828.173,1.207267
829.177,1.516990
830.187,0.592551
831.188,1.766210
832.198,1.554115
833.208,1.648309
834.219,2.048959
835.220,2.593598
836.221,2.004952
837.229,1.824894
838.348,2.311054
839.549,2.396307
840.929,2.764610
842.050,2.586476
843.129,2.660319
844.259,3.104991
845.260,2.698619
846.262,3.292560
847.269,3.364618
848.272,2.136140
849.359,2.494011
850.489,2.673757
851.500,2.248317
852.509,2.728352
853.510,2.443095
854.699,1.927760
855.700,2.040452
856.709,2.020755
857.710,2.082693
858.711,1.926640
859.729,1.900261
860.739,2.064144
861.740,1.909635
862.829,1.956916
863.999,2.394677
865.009,1.634537
866.018,0.074430
867.779,4.892087
868.789,2.029065
869.803,1.789856
870.818,0.065165
873.447,5.242845
874.448,1.852895
875.458,1.547774
876.467,2.066350
877.468,1.555390
878.478,1.567802
879.487,2.079904
880.492,1.426206
881.493,1.682644
882.652,2.080444
883.662,1.763433
884.862,2.058772
885.872,1.732412
886.882,1.753638
887.893,1.623604
888.902,1.863731
889.912,1.416255
890.914,1.935153
891.915,1.602455
892.925,1.561917
894.064,2.112950
895.074,1.752598
896.224,1.814889
897.225,1.989297
898.400,2.613003
899.401,1.709774
900.411,0.918086
901.460,0.885578
902.461,1.706787
903.483,1.032453
904.543,0.805953
905.575,1.203820
906.794,1.117177
907.803,1.172772
908.824,1.453415
909.833,0.982617
910.834,1.138870
911.843,1.044327
913.043,1.607161
914.044,0.933982
915.063,1.475964
916.064,0.914630
917.083,1.148578
918.093,1.027708
919.094,0.633346
920.134,1.041253
921.143,0.695651
922.243,0.856016
923.253,0.985068
924.264,0.707729
925.266,1.270286
926.274,0.902886
927.294,0.093223
928.700,3.155984
929.706,1.059532
930.707,0.975572
931.716,0.762335
932.778,0.724990
933.905,0.686682
934.925,0.693481
935.935,0.629814
936.945,0.536471
937.965,0.316918
938.985,0.606796
939.995,0.510012
941.025,0.303480
942.055,0.246776
943.075,0.911737
944.078,1.392492
945.086,1.358065
946.095,1.056112
947.235,1.518543
948.245,1.344780
949.475,1.749514
950.476,1.366866
951.485,1.703616
952.486,1.389043
953.495,1.624136
954.496,1.780508
955.504,1.602722
956.515,1.498334
957.516,1.645209
958.525,1.695976
959.534,1.421089
960.724,1.382853
961.924,1.520526
963.064,1.606463
964.204,2.037101
965.214,1.533890
966.215,1.974042
967.224,1.257990
968.225,1.420876
969.234,1.343620
970.244,0.944808
971.274,1.148578
972.284,1.192503
973.285,0.952555
974.294,1.180235
975.314,0.877836
976.327,1.019155
977.524,1.246370
978.525,1.053972
979.535,1.278606
980.545,1.046240
981.554,1.173594
982.565,1.372843
983.566,0.975246
984.744,1.321754
985.816,1.168922
987.196,1.258180
988.205,1.264320
989.206,1.648650
990.215,1.261874
991.216,1.231349
992.236,1.453415
993.245,1.157666
994.246,1.705558
995.247,1.148456
996.256,1.104171
997.426,1.255691
998.437,1.152381
999.446,0.935692
1000.744,0.827717
1001.747,0.106233
1007.104,0.484678
1008.154,0.980627
1009.155,1.476564
1010.184,1.481268
1011.364,1.947477
1012.374,1.298533
1013.574,1.119319
1014.584,0.865804
1015.586,1.281122
1016.634,1.419469
1017.644,0.924499
1018.654,1.132513
1019.659,0.835295
1020.834,1.287529
1021.854,0.747435
1022.874,1.246370
1023.875,1.344951
1024.884,1.203012
1025.904,1.571168
1026.914,1.124012
1027.915,1.507647
1028.924,1.132420
1029.925,1.437741
1030.945,1.174494
1031.954,1.423985
1033.022,1.701196
1034.032,1.220716
1035.043,1.388959
1036.203,1.536381
1037.443,1.924253
1038.453,1.916827
1039.454,2.120817
1040.463,2.090141
1041.472,1.976991
1042.473,1.926837
1043.484,2.038272
1044.493,1.941770
1045.494,1.661508
1046.653,1.632151
1047.662,1.825822
1048.663,0.090332
1050.114,4.186823
1051.123,2.066350
1052.124,1.720314
1053.143,2.295944
1054.144,1.857078
1055.153,1.706270
1056.154,2.008571
1057.162,1.252000
1058.164,1.780571
1059.172,1.269388
1060.192,1.158776
1061.212,0.585125
1062.222,0.340008
1063.252,0.336238
1064.261,0.247638
1065.631,0.260820
1066.680,0.118024
1067.700,0.104229
1068.750,0.270891
1069.760,0.382509
1070.790,0.209419
1071.850,0.246535
1072.871,0.289978
1073.890,0.563138
1074.920,0.558965
1075.940,0.274369
1076.970,0.403759
1078.000,0.535945
1079.021,0.698339
1080.030,0.660032
1081.040,0.584287
1082.101,0.772518
1083.121,0.768340
1084.133,0.524349
1085.141,0.526154
1086.181,0.386259
1087.201,0.312093
1088.230,0.289410
1089.251,0.316743
1090.253,0.454489
1091.407,0.257506
1092.427,0.395824
1093.450,0.654626
1094.457,0.690083
1095.467,0.226406
1096.747,0.205383
1097.866,0.548985
1098.877,0.542842
1099.886,0.426515
1100.888,0.422462
1101.918,0.002914
1113.186,0.178891
1114.196,0.360791
1115.197,0.428408
1116.266,0.606571
1117.358,0.967577
1118.417,1.199366
1119.427,1.212260
1120.567,1.419037
1121.568,1.444836
1122.587,1.435042
1123.647,1.494034
1124.697,1.955205
1125.698,1.551050
1126.877,1.699500
1127.878,1.999109
1128.928,1.946233
1130.046,1.918222
1131.216,1.461366
1132.786,1.126106
1133.787,1.965919
1134.794,2.013610
1135.795,2.066640
1136.804,2.031233
1137.805,1.701664
1139.055,2.102421
1140.124,1.999329
1141.244,1.969193
1142.404,1.814554
1143.444,1.881846
1144.454,1.913287
1145.455,0.604447
1146.484,1.396415
1147.495,1.356050
1148.544,1.738358
1149.545,1.154379
1150.675,1.263985
1151.714,1.297266
1152.845,1.269027
1153.854,1.180456
1154.863,0.965647
1155.883,0.787356
1156.889,0.875383
1157.894,0.867176
1158.914,0.932733
1159.923,1.150811
1160.973,1.353348
1162.000,1.203612
1163.001,1.388500
1164.002,1.056478
1165.022,1.288981
1166.082,1.775288
1167.093,0.858125
1168.102,1.137743
1169.112,1.377491
1170.121,0.829679
1171.131,1.202637
1172.132,0.824829
1173.271,0.081310
1174.883,2.792921
1175.891,0.947850
1177.061,1.191921
1178.071,0.939343
1179.081,0.954918
1180.101,0.621931
1181.141,0.639303
1182.151,0.427893
1183.201,0.847698
1184.208,0.788659
1185.221,0.740397
1186.229,0.747659
1187.239,0.702552
1188.250,0.846018
1189.259,0.808373
1190.289,0.903881
1191.369,1.083564
1192.379,0.721671
1193.389,1.362635
1194.409,0.774297
1195.419,0.713477
1196.437,1.135904
1197.439,0.625272
1198.489,0.396988
1199.509,0.606796
1200.519,0.399881
1201.529,0.541246
1202.540,0.350974
1203.569,0.237077
1204.839,0.294646
1205.879,0.281727
1206.889,0.284123
1207.929,0.270144
1209.183,0.273600
1210.223,0.255006
1211.253,0.273337
1212.294,0.281417
1213.344,0.421180
1214.564,0.498440
1215.574,0.369030
1216.584,0.520111
1217.594,0.402222
1218.595,0.322051
1219.664,0.611875
1220.684,0.641867
1221.704,0.601063
1222.735,0.610981
1223.744,0.562051
1224.754,0.499301
1225.755,0.376951
1226.764,0.551977
1227.795,0.321975
1228.824,0.305515
1229.827,0.212301
1230.837,0.246776
1231.857,0.203859
1232.877,0.138639
1233.920,0.163506
1234.924,0.032276
1238.985,0.754218
1239.995,0.225539
1241.014,0.125530
1242.044,0.268235
1243.064,0.388313
1244.075,0.416153
1245.277,0.254758
1246.308,0.306267
1247.328,0.403759
1248.358,0.290040
1249.397,0.337779
1250.508,0.485893
1251.518,0.634882
1252.523,0.784700
1253.528,0.608117
1254.759,0.732464
1255.768,0.656024
1256.788,0.685569
1257.808,0.677412
1258.828,1.028715
1259.829,0.879146
1261.018,0.994268
1262.048,1.169838
1263.049,0.881800
1264.058,0.888168
1265.059,1.077645
1266.068,1.109395
1267.069,0.981804
1268.078,1.354347
1269.080,1.089610
1270.089,1.113108
1271.259,1.452385
1272.268,1.291369
1273.308,1.721163
1274.319,1.386254
1275.320,1.422160
1276.359,1.889533
1277.361,1.404651
1278.560,0.472040
1279.568,1.272205
1280.623,1.125134
1281.999,1.639960
1283.000,1.618094
1284.001,1.220684
1285.019,1.575849
1286.026,1.296223
1287.029,1.558789
1288.040,1.406932
1289.059,1.123165
1290.060,0.504269
1292.469,2.114678
1293.649,1.560333
1294.659,1.224890
1295.729,1.591264
1296.740,1.641600
1297.760,1.198454
1298.769,0.114473
1299.914,2.658213
1300.919,1.117380
1301.942,1.530857
1302.950,1.238661
1303.960,1.191704
1304.961,0.818122
1305.979,0.899358
1306.989,0.867700
1307.990,0.868027
1309.009,0.743046
1310.040,0.565850
1311.041,0.825143
1312.049,0.536604
1313.069,0.924543
1314.071,0.986607
1315.093,1.124532
1316.101,0.966250
1317.102,1.187339
1318.113,1.103249
1319.327,1.209038
1320.329,1.381661
1321.338,0.543658
1322.368,1.164777
1323.398,1.146774
1324.517,1.126198
1325.618,0.877687
1326.628,1.030657
1327.629,1.136675
1328.637,1.068688
1329.649,0.964361
1330.658,1.059152
1331.668,1.191075
1332.688,1.164396
1333.689,1.217388
1334.698,1.265566
1335.699,1.568793
1336.798,1.982923
1337.808,1.107037
1338.809,1.485846
1339.819,1.399569
1340.859,1.061678
1341.865,1.760979
1342.878,1.405275
1343.879,1.833039
1344.888,1.324571
1345.896,0.908054
1346.926,0.736095
1347.937,0.780940
1348.946,0.720144
1349.949,0.812673
1350.959,0.595960
1351.969,0.643765
1352.989,0.551541
1354.000,0.741784
1355.018,0.836894
1356.038,0.705980
1357.048,0.837925
1358.058,0.998585
1359.059,1.103641
1360.063,1.268236
1361.064,0.801388
1362.084,1.300348
1363.085,1.229920
1364.104,1.409879
1365.113,1.237513
1366.123,1.453758
1367.133,1.074150
1368.134,1.260365
1369.153,1.692036
1370.162,1.408634
1371.172,1.344935
1372.182,1.831224
1373.192,1.063224
1374.202,1.690360
1375.212,1.145525
1376.272,1.465031
1377.273,1.003453
1378.283,1.312412
1379.292,1.002957
1380.293,0.629090
1381.302,0.834345
1382.312,1.103624
1383.313,1.248648
1384.362,1.095485
1385.371,1.030561
1386.372,1.605265
1387.381,1.456008
1388.382,1.112238
1389.391,1.308048
1390.395,0.828436
1391.396,1.697082
1392.402,1.016423
1393.405,1.462812
1394.415,1.278780
1395.425,1.396932
1396.434,0.711891
1397.464,0.504282
1398.484,0.760848
1399.494,1.419880
1400.496,0.948408
1401.505,1.082374
1402.506,0.942656
1403.536,0.904673
1404.547,0.754754
1405.558,1.007715
1406.568,0.789481
1407.578,0.626054
1408.587,0.519313
1409.588,0.653682
1410.789,0.977710
1411.790,0.760434
1412.859,1.475716
1413.860,1.043351
1414.970,0.654416
1415.975,0.696501
1416.996,0.705714
1418.004,0.504603
1419.025,0.119700
1420.120,1.162597
1421.275,1.463569
1422.277,1.083140
1423.286,1.305046
1424.296,1.120425
1425.387,1.218561
1426.396,1.210424
1427.406,1.431209
1428.407,1.009619
1429.415,0.823509
1430.425,0.642936
1431.436,0.813479
1432.445,1.118913
1433.446,1.290347
1434.472,1.194789
1435.476,1.323259
1436.485,1.160980
1437.489,1.143611
1438.496,1.376127
1439.506,1.179005
1440.507,1.530936
1441.526,0.976376
1442.546,0.329383
1443.576,1.237879
1444.598,0.889117
1445.615,1.071668
1446.626,0.894882
1447.635,1.541562
1448.636,1.341764
1449.645,1.573980
1450.655,1.531546
1451.686,2.110082
1452.687,1.466939
1453.697,1.351104
1454.706,1.016775
1455.707,0.791577
1456.880,0.488761
1457.910,0.699018
1458.912,0.608000
1459.920,0.556580
1460.940,0.872032
1461.944,0.841846
1462.945,0.723969
1463.975,1.074765
1464.976,1.527664
1465.977,1.283940
1466.984,1.201607
1468.204,1.433338
1469.244,1.260204
1470.245,1.509872
1471.264,1.458102
1472.284,1.306741
1473.294,1.240063
1474.304,1.603675
1475.314,1.144950
1476.324,0.855262
1477.744,0.823509
1478.754,1.062298
1479.755,1.399183
1480.764,1.114487
1481.774,1.228068
1482.775,1.273370
1483.844,1.595067
1484.864,1.567374
1485.874,1.306075
1486.884,0.910194
1487.894,0.715826
1488.904,1.978885
1489.905,1.601822
1490.906,1.839952
1491.914,1.492764
1492.925,1.257303
1493.926,1.044916
1494.935,1.575600
1495.936,1.665419
1496.945,1.986186
1498.021,2.241279
1499.022,1.454573
1500.031,1.225641
1501.040,1.009658
1502.140,0.987106
1503.160,0.671810
1504.170,0.231255
1505.921,0.804103
1506.931,1.344767
1507.932,0.609579
1508.940,0.812673
1509.950,0.580513
1511.111,0.794756
1512.130,1.167461
1513.140,1.015620
1514.151,0.997835
1515.171,0.686446
1516.180,1.410366
1517.181,1.531612
1518.191,1.825687
1519.201,1.439804
1520.221,1.603675
1521.231,0.935992
1522.241,1.224428
1523.251,1.243540
1524.259,1.205459
1525.260,1.160563
1526.269,1.105964
1527.279,1.048759
1528.280,1.546454
1529.281,1.073043
1530.401,1.049574
1531.402,0.849609
1532.461,0.945647
1533.491,0.617632
1534.501,0.157365
1536.031,0.282973
1537.051,0.233755
1538.081,0.140565
1539.171,0.154868
1540.231,0.163649
1541.301,0.018225
1548.493,0.822896
1549.500,0.189415
1550.540,0.212085
1551.580,0.354071
1552.600,0.261136
1553.790,0.238384
1554.800,0.299411
1555.860,0.342601
1556.861,0.386638
1557.880,0.318251
1558.891,0.289459
1559.911,0.386715
1561.190,0.423009
1562.199,0.295818
1563.210,0.375581
1564.259,0.522174
1565.260,0.826448
1566.270,1.043171
1567.274,0.787440
1568.360,1.184032
1569.361,0.918561
1570.584,0.845113
1571.659,0.833258
1572.829,1.307810
1573.839,1.132190
1574.849,0.959782
1576.059,1.152283
1577.220,1.167338
1578.429,1.177331
1579.559,1.333834
1580.560,1.023317
1581.579,1.264918
1582.590,1.379782
1583.599,1.253208
1584.619,1.499972
1585.630,1.716539
1586.640,1.867903
1587.710,2.197546
1588.711,1.541267
1589.721,1.670438
1590.730,2.045442
1591.740,1.793566
1592.741,1.752267
1593.759,1.858621
1594.760,1.398839
1595.780,1.347786
1596.790,1.153427
1597.799,1.461365
1598.810,1.065687
1599.820,1.135515
1600.990,1.603675
1602.000,1.172675
1603.020,1.256935
1604.030,0.779631
1605.050,1.275221
1606.051,1.277318
1607.080,1.140452
1608.230,1.311968
1609.231,1.183318
1610.240,1.457771
1611.261,1.306405
1612.269,1.088283
1613.429,1.343620
1614.439,1.007715
1615.449,0.671976
1616.460,0.336238
1617.469,0.185342
1618.709,0.823509
1619.719,0.493553
1620.739,0.372309
1621.749,0.650139
1622.759,0.758495
1623.769,0.515827
1624.789,0.668741
1625.820,0.585459
1626.829,0.504282
1627.849,0.465933
1628.859,0.525741
1629.879,0.436050
1630.920,0.536997
1631.939,0.441718
1632.959,0.546653
1633.960,0.477714
1634.968,0.235059
1635.988,0.386259
1637.008,0.393134
1638.038,0.265141
1639.062,0.386259
1640.082,0.415457
1641.083,0.382183
1642.113,0.412860
1643.183,0.415643
1644.393,0.463015
1645.433,0.300502
1646.453,0.491382
1647.463,0.531484
1648.533,0.643596
1649.543,0.586954
1650.553,0.483271
1651.573,0.300068
1653.093,0.455097
1654.103,0.418627
1655.123,0.336519
1656.263,0.225358
1657.553,0.407718
1658.573,0.343765
1659.594,0.381503
1660.613,0.433426
1661.623,0.342246
1662.663,0.374346
1663.674,0.403869
1664.683,0.448145
1665.787,0.506761
1666.807,0.488292
1667.877,0.484921
1668.997,0.514801
1670.008,0.578169
1671.240,0.591379
1672.245,0.677022
1673.247,0.719407
1674.258,0.753624
1675.263,0.522322
1676.448,0.781402
1677.458,1.010329
1678.468,0.909735
1679.478,0.767683
1680.488,0.699440
1681.609,0.682646
1682.619,0.667747
1683.629,0.582635
1684.649,0.488356
1685.909,0.675953
1686.929,0.578612
1687.949,0.472094
1688.969,0.231208
1689.979,0.693481
1690.989,0.486314
1692.009,0.570504
1693.159,0.927193
1694.210,1.328647
1695.211,1.491333
1696.219,1.328448
1697.220,1.148833
1698.228,1.275347
1699.239,1.408698
1700.248,1.178688
1701.358,1.465031
1702.359,1.322150
1703.360,1.061498
1704.367,0.902415
1705.568,1.724575
1706.577,1.072642
1707.586,1.255691
1708.597,0.490823
1709.606,0.411655
1710.696,0.579453
1711.697,0.977229
1712.706,1.123149
1713.707,1.315764
1714.708,1.011309
1715.907,1.126907
1716.917,0.953000
1717.925,0.717067
1719.095,0.697412
1720.115,0.663647
1721.135,0.639303
1722.145,0.763259
1723.333,1.126588
1724.353,0.519564
1725.363,0.520111
1726.373,0.458606
1727.423,0.297613
1728.613,0.465933
1729.623,0.121251
1730.704,1.250133
1731.713,0.869814
1732.723,1.139069
1733.724,0.956747
1734.833,0.799640
1735.834,0.873213
1736.843,1.065063
1737.844,0.907758
1738.853,0.777087
1740.053,1.009883
1741.064,1.115530
1742.163,1.506154
1743.173,1.254434
1744.174,1.214012
1745.176,1.257373
1746.184,1.293613
1747.196,1.316268
1748.403,1.257421
1749.613,1.278770
1750.803,0.931610
1752.403,1.430305
1753.413,0.996102
1754.433,1.464262
1755.442,1.015664
1756.443,1.104346
1757.623,1.549497
1758.633,1.212253
1759.643,1.244746
1760.823,1.326839
1761.953,0.626582
1763.053,0.745082
1764.184,0.787100
1765.193,1.094400
1766.203,0.882303
1767.207,1.217197
1768.223,0.919699
1769.233,1.331466
1770.244,0.948258
1771.253,1.311113
1772.263,1.045155
1773.264,1.039395
1774.414,1.507257
1775.416,1.305137
1776.584,1.681189
1777.593,1.275466
1778.604,1.755374
1779.614,1.337159
1780.615,1.378102
1781.654,1.551033
1782.663,0.586292
1783.843,0.411655
1784.933,0.215138
1786.103,0.347468
1787.208,0.459114
1788.233,0.499386
1789.263,0.358089
1790.293,0.411985
1791.329,0.060794
1793.485,0.274466
1796.363,0.861545
1797.373,0.564467
1798.383,0.710566
1799.393,0.354788
1800.403,0.767281
1801.404,0.644445
1802.581,0.794419
1803.692,0.844211
1804.811,0.863936
1805.812,0.856864
1806.821,0.515604
1807.831,0.736824
1808.841,0.364800
1809.891,0.245389
1810.991,0.856016
1812.001,0.834073
1813.012,0.773915
1814.021,0.685972
1815.102,1.167773
1816.161,1.805203
1817.162,2.374421
1818.170,1.675833
1819.201,2.109899
1820.248,2.404204
1821.249,2.156484
1822.250,2.466939
1823.257,2.614469
1824.260,1.799119
1825.268,1.727048
1826.276,1.961251
1827.286,1.664360
1828.287,2.206922
1829.296,1.880488
1830.297,1.695461
1831.306,2.036731
1832.307,1.748000
1833.315,1.329711
1834.325,2.208885
1835.536,2.488120
1836.735,2.109368
1837.975,1.832072
1838.976,1.481768
1840.035,1.952753
1841.055,1.861706
1842.056,2.060813
1843.065,1.652824
1844.070,1.877644
1845.075,2.156293
1846.085,1.899677
1847.088,1.850510
1848.095,2.361542
1849.096,1.704435
1850.107,2.207222
1851.115,2.078005
1852.266,2.241279
1853.267,2.019235
1854.276,2.176357
1855.395,2.305709
1856.406,1.810194
1857.416,2.015430
1858.426,1.576446
1859.431,2.190927
1860.460,1.591097
1861.461,1.673280
1862.480,2.142881
1863.481,1.973850
1864.493,3.136248
1865.494,3.258054
1866.495,2.782659
1867.503,2.236147
1868.643,3.167425
1869.645,2.846045
1870.664,2.316373
1871.683,2.055972
1872.823,2.481806
1873.824,2.374833
1874.825,2.423054
1875.933,2.774050
1876.934,3.093586
1877.938,2.798311
1878.942,2.706750
1880.152,3.582534
1881.156,3.848955
1882.161,2.386144
1883.172,2.771069
1884.173,2.583071
1885.232,3.490438
1886.233,2.662509
1887.263,3.362717
1888.273,3.164819
1889.279,2.814445
1890.282,2.798954
1891.292,2.636151
1892.296,2.407110
1893.303,2.076306
1894.323,2.814792
1895.330,2.247504
1896.331,1.884372
1897.341,1.887223
1898.350,1.817312
1899.356,1.897563
1900.390,2.068051
1901.490,2.657167
1902.491,1.950422
1903.500,2.045451
1904.501,2.197612
1905.640,0.081631
1907.651,5.890607
1908.679,2.503034
1909.689,2.167129
1910.699,2.276887
1911.889,2.626560
1912.989,2.242533
1913.990,2.353633
1914.999,1.772084
1916.000,2.123612
1917.001,2.332377
1918.169,2.921910
1919.170,2.872507
1920.179,2.733267
1921.180,1.875635
1922.188,2.344607
1923.189,2.342310
1924.278,2.243395
1925.388,2.005845
1926.598,1.749291
1927.599,1.705388
1928.608,1.835724
1929.609,2.291117
1930.610,2.795244
1931.668,3.345518
1932.669,2.345648
1933.679,2.303704
1934.680,2.911819
1935.788,3.312719
1936.789,2.855952
1937.790,2.669270
1938.798,1.896024
1939.809,2.925624
1940.819,2.200364
1941.829,2.243481
1942.838,1.849686
1943.839,2.809798
1944.840,2.127183
1945.849,2.411081
1946.859,2.344902
1947.879,2.935944
1948.880,2.874291
1949.889,2.423453
1950.899,2.305606
1951.900,2.125479
1952.909,2.188705
1953.919,1.900341
1954.929,2.784760
1955.939,2.308555
1956.940,1.790216
1957.949,2.547405
1958.950,1.809768
1959.959,1.889818
1961.059,2.448855
1962.069,2.023063
1963.077,2.558338
1964.078,1.888048
1965.079,2.408110
1966.097,2.679056
1967.106,0.185456
1969.457,4.911485
1970.638,1.270286
1971.646,1.880488
1972.647,2.121015
1973.648,1.919017
1974.657,2.459940
1975.658,1.730878
1976.667,2.075210
1977.669,1.461563
1978.677,2.492739
1979.678,1.873697
1980.687,1.897271
1981.688,1.885397
1982.896,2.383409
1983.897,1.901970
1984.898,2.494668
1985.907,1.827572
1986.917,2.766066
1987.918,2.049477
1989.028,2.027887
1990.088,2.229405
1991.090,3.040000
1992.098,2.483822
1993.107,0.459409
1995.918,4.539184
1997.197,1.825822
1998.198,2.121015
1999.199,1.840424
2000.368,2.634869
2001.369,2.877143
2002.377,2.485331
2003.378,3.350004
2004.380,2.489986
2005.387,1.376127
2006.397,0.536274
2007.537,0.389673
2008.857,0.109331
2009.858,1.566936
2011.016,2.857882
2012.147,3.134605
2013.156,2.526321
2014.366,3.361958
2015.367,1.883484
2016.375,1.727425
2017.376,1.487065
2018.377,2.273236
2019.387,1.877066
2020.396,1.856533
2021.476,2.210471
2022.486,1.209038
2023.496,1.401694
2024.497,1.986857
2025.505,1.551497
2026.507,1.648618
2027.516,1.559885
2028.556,1.997629
2029.575,1.763794
2030.585,1.844547
2031.595,1.915094
2032.606,1.613701
2033.615,1.813442
2034.625,1.885529
2035.635,1.616277
2036.645,1.674334
2037.646,1.387019
2038.886,2.355038
2039.913,1.836570
2040.916,1.918059
2041.926,2.073449
2042.931,2.055856
2043.932,2.222505
2044.933,2.123045
2045.934,2.022250
2046.935,1.994810
2047.940,2.025549
2048.999,2.959904
2050.001,2.316691
2051.002,2.502697
2052.021,2.831664
2053.022,2.338014
2054.031,2.265633
2055.035,2.474749
2056.036,2.606313
2057.065,2.897263
2058.066,2.014462
2059.075,2.040437
2060.083,2.113455
2061.084,2.272730
2062.212,2.700468
2063.213,1.917035
2064.214,1.932603
2065.222,2.199636
2066.232,2.051021
2067.233,2.238517
2068.242,2.595820
2069.243,2.482110
2070.350,2.127511
2071.381,2.197765
2072.580,2.831664
2073.581,0.765687
2074.591,2.319425
2075.690,2.558338
2076.691,2.333996
2077.701,2.689903
2078.710,1.667269
2079.711,2.138693
2080.718,1.801640
2081.728,1.845484
2082.879,2.241279
2083.880,1.859855
2084.899,1.880450
2086.089,1.964793
2087.219,2.555784
2088.221,2.002573
2089.222,1.857144
2090.229,1.851287
2091.239,1.856840
2092.249,1.770148
2093.489,0.122957
2094.555,3.726558
2095.559,1.718498
2096.560,1.576904
2097.569,1.622921
2098.570,2.062723
2099.779,2.248495
2100.942,2.309574
2102.129,2.547405
2103.130,1.789384
2104.139,1.713555
2105.209,1.789653
2106.218,1.378925
2107.238,1.362635
2108.258,1.213592
2109.268,0.700987
2110.269,1.065057
2111.276,1.845844
2112.278,1.494834
2113.280,1.769714
2114.288,1.611940
2115.289,2.274078
2116.290,1.676852
2117.299,2.448855
2118.309,1.485236
2119.319,2.039120
2120.328,1.257902
2121.329,1.387114
2122.331,1.127641
2123.491,1.421299
2124.492,1.422286
2125.500,0.843226
2126.720,0.760587
2127.743,0.537940
2128.984,0.888727
2129.985,1.431437
2130.994,1.260663
2132.104,1.410716
2133.353,1.099274
2134.389,1.196832
2135.404,0.623833
2136.413,0.721582
2137.414,0.634732
2138.483,0.246535
2139.504,0.134346
2140.563,0.065598
2141.564,0.013249
2143.216,1.601698
2144.224,1.318125
2145.244,1.280151
2146.253,1.099750
2147.403,1.234566
2148.407,1.054863
2149.413,0.937030
2150.423,0.918020
2151.433,1.316466
2152.454,1.225903
2153.463,1.454889
2154.478,1.240063
2155.494,0.987429
2156.544,0.997246
2157.584,0.987021
2158.593,0.390896
2159.723,0.007974
2165.213,0.000536
2185.627,0.361258
2186.657,0.546599
2188.107,0.411754
2189.117,0.293427
2190.457,0.290180
2191.466,0.392753
2192.497,0.175656
2193.868,0.363404
2195.257,0.177189
2196.307,0.067660
2197.601,0.034393
2199.192,0.011587
2201.081,0.004067
2203.772,0.110149
2204.831,0.126277
2205.871,0.105231
2206.911,0.101333
2207.991,0.007445
2210.931,0.087050
2212.001,0.107397
2213.002,0.429598
2214.021,0.474350
2215.022,0.529871
2216.202,0.830559
2217.362,0.864836
2218.472,0.866341
2219.651,0.896710
2220.722,0.855525
2221.902,0.934105
2223.012,1.124028
2224.029,0.646953
2225.030,0.548396
2226.060,0.412163
2227.069,0.435988
2228.070,0.801300
2229.079,0.881117
2230.089,1.135414
2231.099,1.136467
2232.229,1.455672
2233.230,1.372084
2234.235,1.281956
2235.245,1.717774
2236.255,1.959312
2237.266,1.411847
2238.285,1.532377
2239.292,1.160637
2240.296,1.479507
2241.302,0.960189
2242.318,0.716711
2243.330,1.137039
2244.331,0.894773
2245.511,1.169838
2246.512,1.235263
2247.522,0.950763
2248.531,1.290102
2249.532,1.305580
2250.631,1.705558
2251.632,1.359539
2252.742,1.852895
2253.752,1.466661
2254.762,1.580618
2255.772,1.978885
2256.773,1.280314
2257.842,1.226115
2258.973,1.533493
2260.122,1.099409
2261.124,1.254274
2262.162,1.636182
2263.172,1.330606
2264.182,1.345576
2265.192,1.485331
2266.202,1.560123
2267.304,1.650286
2268.312,1.109082
2269.321,1.246370
2270.322,0.795552
2271.331,1.126588
2272.351,0.812267
2273.371,1.333834
2274.372,1.533027
2275.381,0.112896
2276.542,3.506556
2277.556,1.304383
2278.641,1.322901
2279.642,0.963639
2280.651,0.971767
2281.662,1.128024
2282.671,0.763478
2283.683,1.000727
2284.684,1.228899
2285.685,1.561879
2286.694,1.040656
2287.706,1.042286
2288.714,0.952982
2289.724,1.246370
2290.725,0.288428
2291.734,0.895117
2293.329,1.351649
2294.333,1.398522
2295.524,1.866194
2296.534,1.806661
2297.544,1.851032
2298.552,2.186012
2299.554,2.168559
2300.555,1.486093
2301.734,1.734059
2302.744,1.748843
2303.745,1.857411
2304.754,1.934849
2305.755,2.092896
2306.974,2.274078
2307.975,1.779853
2308.984,2.378052
2310.064,2.369083
2311.475,2.652031
2312.755,2.552648
2313.904,1.964651
2314.905,1.909930
2315.906,2.722334
2316.907,2.508819
2317.908,2.698648
2318.914,2.882829
2319.915,2.805443
2320.916,2.433409
2322.114,3.072192
2323.115,2.718649
2324.116,2.418141
2325.125,2.376472
2326.126,2.342501
2327.135,3.193353
2328.146,2.847648
2329.147,2.427579
2330.153,3.356452
2331.154,2.813222
2332.162,3.135952
2333.163,1.894259
2334.422,1.774416
2335.452,1.490262
2336.453,2.338462
2337.506,2.754589
2338.507,3.331029
2339.508,3.517098
2340.517,3.654661
2341.527,3.683175
2342.545,3.648080
2343.546,3.473127
2344.724,4.307628
2345.725,3.713277
2346.734,4.143632
2347.735,4.512095
2348.744,0.256734
2350.085,6.035296
2351.114,3.691689
2352.116,2.774945
2353.117,2.850613
2354.354,4.150675
2355.356,2.506145
2356.363,3.017526
2357.364,2.730216
2358.393,3.275861
2359.402,0.407068
2361.402,3.820472
2363.121,1.390557
2364.152,2.285011
2365.153,2.149714
2366.161,1.618278
2367.162,1.772586
2368.282,2.566846
2369.301,1.902267
2370.312,1.576189
2371.500,1.719462
2372.512,1.290458
2373.521,1.993758
2374.531,1.473648
2375.541,1.113357
2376.561,1.531356
2377.710,2.024236
2378.761,2.253814
2379.771,1.875716
2380.772,2.352456
2381.773,2.886587
2382.781,2.304607
2383.782,3.936511
2384.783,2.527722
2385.792,1.424255
2386.891,2.383409
2387.892,2.311640
2388.893,1.719080
2389.902,2.215295
2390.912,2.253343
2391.981,2.474386
2393.111,2.521768
2394.260,2.478908
2395.271,1.928109
2396.294,0.079054
2397.952,4.982124
2398.971,1.891530
2400.111,1.872712
2401.122,1.811346
2402.131,1.576388
2403.142,1.459200
2404.162,1.255152
2405.172,1.946086
2406.173,1.584216
2407.174,1.717527
2408.219,1.348024
2409.221,1.641057
2410.228,1.492647
2411.230,1.457449
2412.246,2.011684
2413.247,2.085595
2414.265,1.211984
2415.275,2.077283
2416.276,1.963195
2417.285,0.037764
2419.926,4.826603
2420.965,1.928745
2421.975,0.957984
2422.995,1.093318
2424.006,0.516758
2425.025,0.142130
2427.335,2.371700
2428.336,1.679525
2429.346,1.131853
2430.355,1.308522
2431.367,1.528071
2432.375,1.556626
2433.385,1.530509
2434.386,1.045357
2435.394,0.686944
2436.424,0.349858
2437.425,0.215858
2438.439,0.182221
2439.460,0.020856
2441.559,0.711338
2442.610,0.136800
2443.650,0.229521
2444.699,0.084185
2446.129,0.033207
2448.436,0.075737
2450.748,0.057135
2451.918,0.227323
2452.929,0.194448
2453.978,0.189415
2455.018,0.081528
2456.358,0.118024
2457.378,0.002653
2486.249,0.006870
2487.842,0.016070
2489.204,0.038434
2490.343,0.031435
2491.363,0.044078
2492.538,0.006930
2493.839,0.036024
2495.358,0.040866
2496.697,0.041971
2497.740,0.040533
2498.820,0.057550
2499.961,0.046373
2501.377,0.027952
2502.539,0.050667
2503.619,0.053867
2504.838,0.042133
2505.877,0.047958
2507.018,0.047172
2508.178,0.051818
2509.234,0.049610
2510.337,0.049791
2511.436,0.033150
2512.876,0.033139
2514.197,0.067318
2515.335,0.048000
2516.475,0.049791
2517.574,0.043732
2518.575,0.036450
2519.776,0.040176
2521.138,0.049032
2522.254,0.039652
2523.358,0.024450
2525.596,0.033277
2527.137,0.037803
2528.295,0.036602
2529.491,0.017985
2530.708,0.022816
2532.147,0.029712
2533.252,0.025333
2534.548,0.008396
2537.155,0.100320
2538.355,0.174580
2539.358,0.072350
2540.456,0.163832
2541.458,0.005928
2550.689,0.565698
2551.690,1.275335
2552.700,1.351707
2553.709,1.136432
2554.710,1.498414
2555.850,1.986254
2556.851,2.192948
2557.880,2.424650
2558.889,2.519025
2559.890,1.593598
2560.906,0.849332
2561.927,0.791002
2562.937,1.669421
2563.939,1.737143
2564.947,1.174389
2565.955,2.037101
2566.965,1.383216
2567.975,1.798717
2568.985,2.073461
2570.053,1.426588
2571.076,1.363941
2572.087,1.237103
2573.095,1.032353
2574.115,1.256935
2575.125,1.199897
2576.139,1.771221
2577.140,1.949570
2578.141,1.617022
2579.159,1.767960
2580.168,1.337743
2581.173,1.738358
2582.174,1.465679
2583.203,1.443021
2584.204,1.537726
2585.205,1.510390
2586.214,1.559389
2587.223,1.570565
2588.224,1.724315
2589.264,1.641363
2590.285,1.788459
2591.288,1.915026
2592.298,1.594873
2593.448,2.102115
2594.458,1.641909
2595.468,2.066643
2596.497,2.086642
2597.504,1.556855
2598.514,1.793023
2599.515,1.500353
2600.524,1.522699
2601.600,1.751475
2602.606,1.380436
2603.616,1.730852
2604.766,2.567265
2605.767,1.820266
2606.776,2.049718
2607.777,1.654975
2608.917,2.069608
2609.927,1.757640
2610.937,1.654324
2612.016,2.077283
2613.017,1.782398
2614.026,1.791533
2615.037,1.698238
2616.156,1.897246
2617.177,1.411042
2618.187,1.475700
2619.188,1.758857
2620.196,1.449574
2621.197,1.820388
2622.207,1.978885
2623.208,1.566286
2624.216,1.847688
2625.217,1.583042
2626.227,1.961251
2627.237,1.859451
2628.257,2.468407
2629.259,1.980587
2630.267,2.795596
2631.277,2.197458
2632.281,2.383842
2633.291,1.658906
2634.293,2.725143
2635.301,2.062490
2636.302,3.324944
2637.349,2.915293
2638.350,2.983720
2639.351,1.946071
2640.359,2.942625
2641.360,2.795590
2642.365,2.657015
2643.366,0.920758
2645.867,5.799778
2646.875,2.359978
2647.985,2.798865
2648.986,2.307114
2650.155,2.973794
2651.156,2.319199
2652.165,2.647369
2653.166,2.962861
2654.167,2.092127
2655.175,2.408008
2656.176,2.715250
2657.178,2.898648
2658.184,3.252492
2659.185,2.739262
2660.193,2.233087
2661.194,2.018696
2662.203,2.070948
2663.260,2.711656
2664.261,2.118803
2665.290,2.349009
2666.301,2.411568
2667.310,2.189100
2668.488,2.190681
2669.586,2.263145
2670.587,2.516119
2671.595,1.901018
2672.676,2.118574
2673.686,2.190931
2674.696,2.378345
2675.706,2.403483
2676.866,2.755133
2677.867,2.262617
2678.868,1.958659
2679.876,2.395793
2680.996,2.623936
2681.997,2.059877
2683.006,2.383409
2684.007,1.696224
2685.008,1.687278
2686.016,1.638684
2687.037,2.190969
2688.046,1.339536
2689.055,1.622543
2690.060,1.114250
2691.070,1.462812
2692.080,1.462812
2693.090,1.240127
2694.100,1.607161
2695.101,1.749291
2696.102,1.511984
2697.110,1.807763
2698.121,2.102115
2699.131,1.506337
2700.141,1.854731
2701.150,1.328902
2702.161,0.256000
2705.410,1.165301
2706.412,1.475457
2707.421,1.339414
2708.431,1.821734
